-- phpMyAdmin SQL Dump
-- version 4.8.0
-- https://www.phpmyadmin.net/
--
-- Host: 127.0.0.1
-- Generation Time: Nov 24, 2018 at 04:59 AM
-- Server version: 10.1.31-MariaDB
-- PHP Version: 7.2.4

SET SQL_MODE = "NO_AUTO_VALUE_ON_ZERO";
SET AUTOCOMMIT = 0;
START TRANSACTION;
SET time_zone = "+00:00";


/*!40101 SET @OLD_CHARACTER_SET_CLIENT=@@CHARACTER_SET_CLIENT */;
/*!40101 SET @OLD_CHARACTER_SET_RESULTS=@@CHARACTER_SET_RESULTS */;
/*!40101 SET @OLD_COLLATION_CONNECTION=@@COLLATION_CONNECTION */;
/*!40101 SET NAMES utf8mb4 */;

--
-- Database: `dailyactivity`
--

-- --------------------------------------------------------

--
-- Table structure for table `activity`
--

CREATE TABLE `activity` (
  `act_id` int(11) NOT NULL,
  `spv_id` char(10) NOT NULL,
  `pro_id` char(5) NOT NULL,
  `date` date NOT NULL,
  `act_category` varchar(25) NOT NULL,
  `act_desc` text NOT NULL
) ENGINE=InnoDB DEFAULT CHARSET=latin1;

--
-- Dumping data for table `activity`
--

INSERT INTO `activity` (`act_id`, `spv_id`, `pro_id`, `date`, `act_category`, `act_desc`) VALUES
(2, '8909020JMK', '18002', '2018-11-01', 'OFFICIAL', 'REVIEW DESIGN DATA MONITORING REPORT (DMR)'),
(3, '8918001PRO', '18007', '2018-11-01', 'OFFICIAL', 'REVIEW RENCANA KERJA PENGECORAN PONDASI TOWER T.04 - T.08'),
(4, '8918001PRO', '18007', '2018-11-02', 'SITE INSPECTION', 'PENGAWASAN PEKERJAAN PENGGALIAN PONDASI DI T.04'),
(5, '8918001PRO', '18007', '2018-11-03', 'SITE INSPECTION', 'PENGAWASAN PEKERJAAN PENGGALIAN PONDASI DI T.05'),
(6, '8918001PRO', '18007', '2018-11-04', 'SITE INSPECTION', 'PENGAWASAN PEKERJAAN PENGGALIAN PONDASI DI T.06'),
(7, '8918001PRO', '18007', '2018-11-05', 'SITE INSPECTION', 'PENGAWASAN PEKERJAAN PENGGALIAN PONDASI DI T.07'),
(8, '8918001PRO', '18007', '2018-11-06', 'SITE INSPECTION', 'PENGAWASAN PEKERJAAN PENGGALIAN PONDASI DI T.08'),
(9, '8918001PRO', '18007', '2018-11-07', 'SITE INSPECTION', 'PENGAWASAN PEKERJAAN BECKISTING PONDASI DI T.04'),
(10, '8918001PRO', '18007', '2018-11-08', 'SITE INSPECTION', 'PENGAWASAN PEKERJAAN BECKISTING PONDASI DI T.05'),
(11, '8918001PRO', '18007', '2018-11-09', 'SITE INSPECTION', 'PENGAWASAN PEKERJAAN BECKISTING PONDASI DI T.06'),
(12, '8918001PRO', '18007', '2018-11-10', 'OFF DUTY', 'LIBUR'),
(13, '8918001PRO', '18007', '2018-11-11', 'OFF DUTY', 'LIBUR'),
(14, '8918001PRO', '18007', '2018-11-12', 'SITE INSPECTION', 'PENGAWASAN PEKERJAAN BECKISTING PONDASI DI T.07'),
(15, '8918001PRO', '18007', '2018-11-13', 'SITE INSPECTION', 'PENGAWASAN PEKERJAAN BECKISTING PONDASI DI T.08'),
(16, '8918001PRO', '18007', '2018-11-13', 'SITE INSPECTION', 'PENGAWASAN PEKERJAAN PENGECORAN PONDASI DI T.04'),
(17, '8918001PRO', '18007', '2018-11-14', 'SITE INSPECTION', 'PENGAWASAN PEKERJAAN PENGECORAN PONDASI DI T.05'),
(18, '8918001PRO', '18007', '2018-11-15', 'SITE INSPECTION', 'PENGAWASAN PEKERJAAN PENGECORAN PONDASI DI T.06'),
(19, '8918001PRO', '18007', '2018-11-16', 'SITE INSPECTION', 'PENGAWASAN PEKERJAAN PENGECORAN PONDASI DI T.07'),
(20, '8918001PRO', '18007', '2018-11-16', 'SITE INSPECTION', 'PENGAWASAN PEKERJAAN PENGECORAN PONDASI DI T.08'),
(21, '8918001PRO', '18007', '2018-11-17', 'OFF DUTY', 'LIBUR'),
(22, '8918001PRO', '18007', '2018-11-18', 'OFF DUTY', 'LIBUR'),
(23, '8918001PRO', '18007', '2018-11-19', 'SITE INSPECTION', 'PENGAWASAN PEKERJAAN SETTING STUB DI T.04'),
(24, '8918001PRO', '18007', '2018-11-20', 'SITE INSPECTION', 'PENGAWASAN PEKERJAAN SETTING STUB DI T.05'),
(25, '8918001PRO', '18007', '2018-11-21', 'SITE INSPECTION', 'PENGAWASAN PEKERJAAN SETTING STUB DI T.06'),
(26, '8918001PRO', '18007', '2018-11-22', 'SITE INSPECTION', 'PENGAWASAN PEKERJAAN SETTING STUB DI T.07'),
(27, '8918001PRO', '18007', '2018-11-23', 'SITE INSPECTION', 'PENGAWASAN PEKERJAAN SETTING STUB DI T.08'),
(28, '8918001PRO', '18007', '2018-11-24', 'OFF DUTY', 'LIBUR'),
(29, '8918001PRO', '18007', '2018-11-25', 'OFF DUTY', 'LIBUR'),
(30, '8717001PMP', '18002', '2018-11-01', 'OFFICIAL', 'REVIEW DRAWING OF HV CABLE'),
(31, '8717001PMP', '18002', '2018-11-02', 'OFFICIAL', 'REVIEW DRAWING OF MV CABLE'),
(32, '8717001PMP', '18002', '2018-11-03', 'OFF DUTY', 'LIBUR'),
(33, '8717001PMP', '18002', '2018-11-04', 'OFF DUTY', 'LIBUR'),
(34, '8717001PMP', '18002', '2018-11-05', 'SITE INSPECTION', 'PENGAWASAN PEKERJAAN PULLING AND JOINTING HV CABLE 150 KV'),
(35, '8717001PMP', '18002', '2018-11-06', 'SITE INSPECTION', 'PENGAWASAN PEKERJAAN PULLING AND JOINTING MV CABLE 20 KV'),
(36, '8717001PMP', '18003', '2018-11-07', 'OFFICIAL', 'REVIEW DRAWING OF HV CABLE AND MV CABLE'),
(37, '8717001PMP', '18003', '2018-11-08', 'SITE INSPECTION', 'PENGAWASAN PEKERJAAN PULLING & JOINTING HV CABLE 150 KV'),
(38, '8717001PMP', '18003', '2018-11-09', 'SITE INSPECTION', 'PENGAWASAN PEKERJAAN PULLING & JOINTING MV CABLE 20 KV'),
(39, '8717001PMP', '18003', '2018-11-10', 'OFF DUTY', 'LIBUR'),
(40, '8717001PMP', '18003', '2018-11-11', 'OFF DUTY', 'LIBUR'),
(41, '8909020JMK', '18009', '2018-11-02', 'COURSE & TRAINING', 'ANALISA DATA OUTPUT VOLTAGE POWER PLANT'),
(42, '8909020JMK', '18009', '2018-11-03', 'COURSE & TRAINING', 'ANALISA DATA OUTPUT VOLTAGE POWER PLANT'),
(43, '8909020JMK', '18009', '2018-11-04', 'COURSE & TRAINING', 'ANALISA DATA OUTPUT VOLTAGE POWER PLANT'),
(44, '8909020JMK', '18009', '2018-11-05', 'SITE INSPECTION', 'ANALISA DATA OPERASI TURBIN'),
(45, '8909020JMK', '18009', '2018-11-06', 'SITE INSPECTION', 'ANALISA DATA OPERASI GENERATOR'),
(46, '8909020JMK', '18009', '2018-11-07', 'SITE INSPECTION', 'ANALISA DATA OPERASI BOILER'),
(47, '8909020JMK', '18009', '2018-11-08', 'SITE INSPECTION', 'ANALISA DATA SUPPLY BATU BARA'),
(48, '8909020JMK', '18009', '2018-11-09', 'SITE INSPECTION', 'ANALISA DATA RIWAYAT PEMELIHARAAN CIRCULATION WATER PUMP (CWP)'),
(49, '8909020JMK', '18009', '2018-11-10', 'OFF DUTY', 'LIBUR'),
(50, '8909020JMK', '18009', '2018-11-11', 'OFF DUTY', 'LIBUR'),
(51, '8909020JMK', '18009', '2018-11-12', 'MEETING', 'KONSOLIDASI HASIL ANALISA DATA OPERASI DAN PEMELIHARAAN');

-- --------------------------------------------------------

--
-- Table structure for table `proyek`
--

CREATE TABLE `proyek` (
  `pro_id` char(5) NOT NULL,
  `pro_name` varchar(25) NOT NULL,
  `pro_owner` varchar(25) NOT NULL,
  `pro_type` varchar(10) NOT NULL
) ENGINE=InnoDB DEFAULT CHARSET=latin1;

--
-- Dumping data for table `proyek`
--

INSERT INTO `proyek` (`pro_id`, `pro_name`, `pro_owner`, `pro_type`) VALUES
('18001', 'KETINTANG EXT', 'UIP JBTB II', 'SUBSTATION'),
('18002', 'SIMPANG LIMA NEW', 'UIP JBT I', 'SUBSTATION'),
('18003', 'UNGARAN EXT', 'UIP JBT I', 'SUBSTATION'),
('18004', 'MASJID AN NUR RENOV', 'PLN PUSAT', 'FACILITIES'),
('18005', 'SENGKANG - SIWA (REKOND)', 'UIP SULBAGSEL', 'TRANSMISSI'),
('18006', 'KETINTANG NEW', 'UIP JBTB II', 'SUBSTATION'),
('18007', 'MUGAS - KENDENG', 'UIP JBT I', 'TRANSMISSI'),
('18008', 'LUWUK - TOILI (NEW)', 'UIP SULBAGUT', 'TRANSMISSI'),
('18009', 'TANJUNG JATI #4', 'UIP JBT II', 'POWER PLAN'),
('19045', 'PUNAGAYA EXT', 'UIP SULBAGSEL', 'SUBSTATION');

-- --------------------------------------------------------

--
-- Table structure for table `supervisor`
--

CREATE TABLE `supervisor` (
  `spv_id` char(10) NOT NULL,
  `spv_name` varchar(25) NOT NULL,
  `spv_expertise` varchar(25) NOT NULL,
  `spv_edu` char(2) NOT NULL
) ENGINE=InnoDB DEFAULT CHARSET=latin1;

--
-- Dumping data for table `supervisor`
--

INSERT INTO `supervisor` (`spv_id`, `spv_name`, `spv_expertise`, `spv_edu`) VALUES
('1812001PMP', 'RAYHAN ANGGARA SENJA', 'ELECTRICAL ENGINEER', 'S2'),
('8717001PMP', 'WAWAN SUGIYONO', 'ELECTRICAL ENGINEER', 'S1'),
('8909020JMK', 'DEDDY YUZHAR NURISTAWAN', 'DATABASE ANALYST', 'S1'),
('8918001PRO', 'ZULMI RAMDHON', 'CIVIL ENGINEER', 'S1'),
('8918002PRO', 'NAILIA ZULFA', 'HSE ENGINEER', 'S2'),
('9018010PMP', 'UMI HABIBAH MANSYUR', 'PROJECT MANAGER', 'S2'),
('9218004PMP', 'CHANDRA RISNU', 'PROGRAMMER', 'S1'),
('9218005PMP', 'LINDA VERONIKA', 'SCHEDULE ENGINEER', 'S1'),
('9518002PMP', 'MUHAMAD IRFANUDIN', 'PROJECT ADMINISTRATION', 'S1'),
('9710003PMP', 'ARIF BUDI', 'MECHANICAL ENGINEER', 'S1');

--
-- Indexes for dumped tables
--

--
-- Indexes for table `activity`
--
ALTER TABLE `activity`
  ADD PRIMARY KEY (`act_id`),
  ADD KEY `activity_fk0` (`spv_id`),
  ADD KEY `activity_fk1` (`pro_id`);

--
-- Indexes for table `proyek`
--
ALTER TABLE `proyek`
  ADD PRIMARY KEY (`pro_id`);

--
-- Indexes for table `supervisor`
--
ALTER TABLE `supervisor`
  ADD PRIMARY KEY (`spv_id`);

--
-- AUTO_INCREMENT for dumped tables
--

--
-- AUTO_INCREMENT for table `activity`
--
ALTER TABLE `activity`
  MODIFY `act_id` int(11) NOT NULL AUTO_INCREMENT, AUTO_INCREMENT=52;

--
-- Constraints for dumped tables
--

--
-- Constraints for table `activity`
--
ALTER TABLE `activity`
  ADD CONSTRAINT `activity_fk0` FOREIGN KEY (`spv_id`) REFERENCES `supervisor` (`spv_id`),
  ADD CONSTRAINT `activity_fk1` FOREIGN KEY (`pro_id`) REFERENCES `proyek` (`pro_id`);
COMMIT;

/*!40101 SET CHARACTER_SET_CLIENT=@OLD_CHARACTER_SET_CLIENT */;
/*!40101 SET CHARACTER_SET_RESULTS=@OLD_CHARACTER_SET_RESULTS */;
/*!40101 SET COLLATION_CONNECTION=@OLD_COLLATION_CONNECTION */;
